tau_min,tau_max,fir,latency_med,latency_p95,latency_mean,n_interrupted,n_holds,n_changes
0.1,0.2,0.9931603773584906,0.16098689734935762,0.1887384103238583,0.1604610478815441,4211,4240,1262
0.15000000000000002,0.2,0.9787735849056604,0.1804934486746788,0.19436920516192915,0.18023052394077205,4150,4240,1262
0.1,0.30000000000000004,0.8733490566037736,0.22197379469871525,0.2774768206477166,0.22092209576308822,3703,4240,1262
0.15000000000000002,0.30000000000000004,0.8554245283018868,0.24148034602403645,0.28310761548578744,0.24069157182231624,3627,4240,1262
0.20000000000000004,0.30000000000000004,0.8318396226415095,0.26098689734935765,0.28873841032385833,0.2604610478815441,3527,4240,1262
0.25000000000000006,0.30000000000000004,0.8134433962264151,0.28049344867467885,0.29436920516192916,0.2802305239407721,3449,4240,1262
0.1,0.4000000000000001,0.7620283018867925,0.28296069204807284,0.36621523097157477,0.2813831436446324,3231,4240,1262
0.15000000000000002,0.4000000000000001,0.7443396226415094,0.30246724337339403,0.3718460258096457,0.30115261970386026,3156,4240,1262
0.20000000000000004,0.4000000000000001,0.7278301886792453,0.3219737946987153,0.3774768206477166,0.3209220957630883,3086,4240,1262
0.25000000000000006,0.4000000000000001,0.7120283018867924,0.34148034602403643,0.3831076154857875,0.3406915718223163,3019,4240,1262
0.1,0.5000000000000001,0.6655660377358491,0.34394758939743053,0.4549536412954332,0.3418441915261765,2822,4240,1262
0.15000000000000002,0.5000000000000001,0.6518867924528302,0.36345414072275173,0.460584436133504,0.3616136675854044,2764,4240,1262
0.20000000000000004,0.5000000000000001,0.6408018867924529,0.38296069204807287,0.46621523097157486,0.3813831436446324,2717,4240,1262
0.25000000000000006,0.5000000000000001,0.6287735849056604,0.4024672433733941,0.47184602580964574,0.40115261970386035,2666,4240,1262
0.1,0.6000000000000001,0.5849056603773585,0.4049344867467881,0.5436920516192913,0.40230523940772056,2480,4240,1262
0.15000000000000002,0.6000000000000001,0.5731132075471698,0.4244410380721093,0.5493228464573622,0.4220747154669485,2430,4240,1262
0.20000000000000004,0.6000000000000001,0.5608490566037736,0.4439475893974305,0.5549536412954331,0.44184419152617643,2378,4240,1262
0.25000000000000006,0.6000000000000001,0.5492924528301887,0.4634541407227517,0.560584436133504,0.46161366758540445,2329,4240,1262
0.1,0.7000000000000002,0.5136792452830189,0.46592138409614575,0.6324304619431497,0.4627662872892648,2178,4240,1262
0.15000000000000002,0.7000000000000002,0.503066037735849,0.48542793542146695,0.6380612567812206,0.4825357633484927,2133,4240,1262
0.20000000000000004,0.7000000000000002,0.49528301886792453,0.5049344867467881,0.6436920516192914,0.5023052394077208,2100,4240,1262
0.25000000000000006,0.7000000000000002,0.4865566037735849,0.5244410380721094,0.6493228464573623,0.5220747154669486,2063,4240,1262
0.1,0.8000000000000003,0.45825471698113207,0.5269082814455035,0.7211688722670081,0.523227335170809,1943,4240,1262
0.15000000000000002,0.8000000000000003,0.4483490566037736,0.5464148327708246,0.7267996671050789,0.5429968112300368,1901,4240,1262
0.20000000000000004,0.8000000000000003,0.44056603773584907,0.5659213840961458,0.7324304619431498,0.5627662872892648,1868,4240,1262
0.25000000000000006,0.8000000000000003,0.43231132075471695,0.5854279354214671,0.7380612567812208,0.5825357633484928,1833,4240,1262
0.1,0.9000000000000002,0.407311320754717,0.587895178794861,0.8099072825908663,0.583688383052353,1727,4240,1262
0.15000000000000002,0.9000000000000002,0.39952830188679245,0.6074017301201822,0.8155380774289372,0.603457859111581,1694,4240,1262
0.20000000000000004,0.9000000000000002,0.3936320754716981,0.6269082814455034,0.8211688722670081,0.6232273351708089,1669,4240,1262
0.25000000000000006,0.9000000000000002,0.38797169811320753,0.6464148327708246,0.8267996671050789,0.6429968112300368,1645,4240,1262
0.1,1.0000000000000002,0.36627358490566037,0.6488820761442186,0.8986456929147245,0.6441494309338971,1553,4240,1262
0.15000000000000002,1.0000000000000002,0.3599056603773585,0.6683886274695398,0.9042764877527955,0.6639189069931251,1526,4240,1262
0.20000000000000004,1.0000000000000002,0.3554245283018868,0.6878951787948611,0.9099072825908663,0.683688383052353,1507,4240,1262
0.25000000000000006,1.0000000000000002,0.34929245283018867,0.7074017301201823,0.9155380774289372,0.703457859111581,1481,4240,1262
0.1,1.1000000000000003,0.3306603773584906,0.7098689734935761,0.9873841032385828,0.7046104788154411,1402,4240,1262
0.15000000000000002,1.1000000000000003,0.3266509433962264,0.7293755248188974,0.9930148980766538,0.7243799548746692,1385,4240,1262
0.20000000000000004,1.1000000000000003,0.3214622641509434,0.7488820761442186,0.9986456929147246,0.7441494309338972,1363,4240,1262
0.25000000000000006,1.1000000000000003,0.314622641509434,0.7683886274695398,1.0042764877527954,0.7639189069931251,1334,4240,1262
0.1,1.2000000000000004,0.2997641509433962,0.7708558708429338,1.0761225135624413,0.7650715266969854,1271,4240,1262
0.15000000000000002,1.2000000000000004,0.2952830188679245,0.790362422168255,1.081753308400512,0.7848410027562133,1252,4240,1262
0.20000000000000004,1.2000000000000004,0.28962264150943395,0.8098689734935763,1.087384103238583,0.8046104788154413,1228,4240,1262
0.25000000000000006,1.2000000000000004,0.2856132075471698,0.8293755248188975,1.0930148980766539,0.8243799548746693,1211,4240,1262
0.1,1.3000000000000003,0.27382075471698114,0.8318427681922913,1.1648609238862992,0.8255325745785294,1161,4240,1262
0.15000000000000002,1.3000000000000003,0.26839622641509436,0.8513493195176127,1.1704917187243706,0.8453020506377575,1138,4240,1262
0.20000000000000004,1.3000000000000003,0.2632075471698113,0.8708558708429339,1.1761225135624411,0.8650715266969855,1116,4240,1262
0.25000000000000006,1.3000000000000003,0.25825471698113206,0.8903624221682551,1.181753308400512,0.8848410027562134,1095,4240,1262
0.1,1.4000000000000004,0.24504716981132074,0.892829665541649,1.2535993342101577,0.8859936224600735,1039,4240,1262
0.15000000000000002,1.4000000000000004,0.24127358490566037,0.9123362168669703,1.2592301290482286,0.9057630985193018,1023,4240,1262
0.20000000000000004,1.4000000000000004,0.23702830188679244,0.9318427681922916,1.2648609238862993,0.9255325745785297,1005,4240,1262
0.25000000000000006,1.4000000000000004,0.23254716981132076,0.9513493195176127,1.2704917187243705,0.9453020506377575,986,4240,1262
0.1,1.5000000000000004,0.22358490566037736,0.9538165628910067,1.342337744534016,0.9464546703416177,948,4240,1262
0.15000000000000002,1.5000000000000004,0.21933962264150944,0.973323114216328,1.347968539372087,0.9662241464008456,930,4240,1262
0.20000000000000004,1.5000000000000004,0.21438679245283018,0.9928296655416493,1.3535993342101578,0.9859936224600737,909,4240,1262
0.25000000000000006,1.5000000000000004,0.21132075471698114,1.0123362168669703,1.3592301290482287,1.0057630985193016,896,4240,1262
0.1,1.6000000000000005,0.20636792452830188,1.0148034602403644,1.4310761548578745,1.006915718223162,875,4240,1262
0.15000000000000002,1.6000000000000005,0.2025943396226415,1.0343100115656856,1.4367069496959453,1.0266851942823898,859,4240,1262
0.20000000000000004,1.6000000000000005,0.19811320754716982,1.053816562891007,1.4423377445340162,1.046454670341618,840,4240,1262
0.25000000000000006,1.6000000000000005,0.19410377358490566,1.0733231142163282,1.4479685393720871,1.066224146400846,823,4240,1262
0.1,1.7000000000000006,0.19174528301886792,1.0757903575897219,1.5198145651817327,1.067376766104706,813,4240,1262
0.15000000000000002,1.7000000000000006,0.18891509433962264,1.0952969089150433,1.5254453600198037,1.087146242163934,801,4240,1262
0.20000000000000004,1.7000000000000006,0.18679245283018867,1.1148034602403645,1.5310761548578746,1.1069157182231621,792,4240,1262
0.25000000000000006,1.7000000000000006,0.18537735849056602,1.1343100115656857,1.5367069496959453,1.1266851942823901,786,4240,1262
0.1,1.8000000000000005,0.18066037735849055,1.1367772549390796,1.608552975505591,1.1278378139862502,766,4240,1262
0.15000000000000002,1.8000000000000005,0.17877358490566037,1.1562838062644007,1.614183770343662,1.147607290045478,758,4240,1262
0.20000000000000004,1.8000000000000005,0.17665094339622642,1.175790357589722,1.6198145651817326,1.167376766104706,749,4240,1262
0.25000000000000006,1.8000000000000005,0.17358490566037735,1.1952969089150431,1.6254453600198033,1.1871462421639338,736,4240,1262
0.1,1.9000000000000006,0.1705188679245283,1.1977641522884372,1.6972913858294492,1.1882988618677943,723,4240,1262
0.15000000000000002,1.9000000000000006,0.16863207547169812,1.2172707036137584,1.7029221806675199,1.2080683379270225,715,4240,1262
0.20000000000000004,1.9000000000000006,0.16674528301886793,1.2367772549390796,1.708552975505591,1.2278378139862502,707,4240,1262
0.25000000000000006,1.9000000000000006,0.1650943396226415,1.2562838062644008,1.714183770343662,1.247607290045478,700,4240,1262
0.1,2.0000000000000004,0.1615566037735849,1.258751049637795,1.7860297961533074,1.2487599097493383,685,4240,1262
0.15000000000000002,2.0000000000000004,0.15966981132075472,1.2782576009631161,1.7916605909913785,1.2685293858085662,677,4240,1262
0.20000000000000004,2.0000000000000004,0.1570754716981132,1.2977641522884371,1.797291385829449,1.2882988618677942,666,4240,1262
0.25000000000000006,2.0000000000000004,0.155188679245283,1.3172707036137583,1.80292218066752,1.3080683379270222,658,4240,1262
0.1,2.1000000000000005,0.15283018867924528,1.3197379469871524,1.8747682064771658,1.3092209576308824,648,4240,1262
0.15000000000000002,2.1000000000000005,0.1509433962264151,1.3392444983124736,1.8803990013152365,1.3289904336901104,640,4240,1262
0.20000000000000004,2.1000000000000005,0.14858490566037735,1.3587510496377948,1.8860297961533075,1.3487599097493383,630,4240,1262
0.25000000000000006,2.1000000000000005,0.14693396226415095,1.378257600963116,1.8916605909913784,1.3685293858085665,623,4240,1262
0.1,2.2000000000000006,0.14386792452830188,1.38072484433651,1.963506616801024,1.3696820055124266,610,4240,1262
0.15000000000000002,2.2000000000000006,0.14221698113207548,1.4002313956618313,1.9691374116390952,1.3894514815716545,603,4240,1262
0.20000000000000004,2.2000000000000006,0.1410377358490566,1.4197379469871523,1.9747682064771657,1.4092209576308825,598,4240,1262
0.25000000000000006,2.2000000000000006,0.1400943396226415,1.4392444983124737,1.9803990013152366,1.4289904336901107,594,4240,1262
0.1,2.3000000000000007,0.13891509433962265,1.4417117416858678,2.0522450271248824,1.4301430533939707,589,4240,1262
0.30000000000000004,2.2000000000000006,0.13820754716981132,1.458751049637795,1.9860297961533075,1.4487599097493384,586,4240,1262
0.15000000000000002,2.3000000000000007,0.13726415094339622,1.461218293011189,2.0578758219629534,1.4499125294531987,582,4240,1262
0.3500000000000001,2.2000000000000006,0.13632075471698113,1.478257600963116,1.9916605909913785,1.4685293858085664,578,4240,1262
0.20000000000000004,2.3000000000000007,0.13561320754716982,1.48072484433651,2.063506616801024,1.4696820055124267,575,4240,1262
0.5500000000000002,2.1000000000000005,0.13514150943396228,1.4952969089150432,1.9254453600198032,1.487146242163934,573,4240,1262
0.40000000000000013,2.2000000000000006,0.13372641509433963,1.4977641522884373,1.9972913858294492,1.4882988618677944,567,4240,1262
0.25000000000000006,2.3000000000000007,0.13349056603773585,1.5002313956618314,2.0691374116390953,1.4894514815716546,566,4240,1262
0.1,2.400000000000001,0.13278301886792454,1.5026986390352255,2.140983437448741,1.490604101275515,563,4240,1262
0.6000000000000002,2.1000000000000005,0.1320754716981132,1.5148034602403646,1.9310761548578745,1.5069157182231623,560,4240,1262
0.4500000000000001,2.2000000000000006,0.13183962264150945,1.5172707036137585,2.0029221806675204,1.5080683379270228,559,4240,1262
0.30000000000000004,2.3000000000000007,0.13089622641509435,1.5197379469871526,2.0747682064771658,1.5092209576308828,555,4240,1262
0.15000000000000002,2.400000000000001,0.1304245283018868,1.5222051903605465,2.1466142322868116,1.5103735773347429,553,4240,1262
0.5000000000000001,2.2000000000000006,0.13018867924528302,1.5367772549390797,2.008552975505591,1.5278378139862503,552,4240,1262
0.3500000000000001,2.3000000000000007,0.12877358490566038,1.5392444983124738,2.0803990013152367,1.5289904336901106,546,4240,1262
0.20000000000000004,2.400000000000001,0.12830188679245283,1.5417117416858677,2.1522450271248825,1.5301430533939708,544,4240,1262
0.40000000000000013,2.3000000000000007,0.12759433962264152,1.558751049637795,2.0860297961533076,1.5487599097493385,541,4240,1262
0.25000000000000006,2.400000000000001,0.12617924528301888,1.5612182930111889,2.1578758219629535,1.549912529453199,535,4240,1262
0.1,2.500000000000001,0.125,1.563685536384583,2.229721847772599,1.551065149157059,530,4240,1262
0.30000000000000004,2.400000000000001,0.12429245283018868,1.58072484433651,2.163506616801024,1.5696820055124265,527,4240,1262
0.15000000000000002,2.500000000000001,0.12358490566037736,1.5831920877099044,2.23535264261067,1.570834625216287,524,4240,1262
0.3500000000000001,2.400000000000001,0.12311320754716981,1.6002313956618315,2.1691374116390953,1.589451481571655,522,4240,1262
0.20000000000000004,2.500000000000001,0.12264150943396226,1.6026986390352254,2.240983437448741,1.590604101275515,520,4240,1262
0.40000000000000013,2.400000000000001,0.1214622641509434,1.6197379469871527,2.1747682064771663,1.6092209576308827,515,4240,1262
0.25000000000000006,2.500000000000001,0.12004716981132076,1.6222051903605466,2.2466142322868117,1.6103735773347427,509,4240,1262
0.1,2.600000000000001,0.11910377358490566,1.6246724337339407,2.3184602580964575,1.6115261970386034,505,4240,1262
0.30000000000000004,2.500000000000001,0.1179245283018868,1.641711741685868,2.252245027124883,1.6301430533939711,500,4240,1262
0.3500000000000001,2.500000000000001,0.1169811320754717,1.661218293011189,2.2578758219629536,1.6499125294531989,496,4240,1262
0.20000000000000004,2.600000000000001,0.11650943396226415,1.663685536384583,2.329721847772599,1.6510651491570594,494,4240,1262
0.40000000000000013,2.500000000000001,0.11580188679245283,1.6807248443365101,2.263506616801024,1.6696820055124264,491,4240,1262
0.25000000000000006,2.600000000000001,0.11485849056603774,1.6831920877099042,2.33535264261067,1.670834625216287,487,4240,1262
0.1,2.700000000000001,0.11438679245283019,1.6856593310832984,2.4071986684203157,1.6719872449201474,485,4240,1262
0.30000000000000004,2.600000000000001,0.11367924528301887,1.7026986390352254,2.3409834374487413,1.690604101275515,482,4240,1262
0.3500000000000001,2.600000000000001,0.11297169811320755,1.7222051903605466,2.3466142322868118,1.710373577334743,479,4240,1262
0.20000000000000004,2.700000000000001,0.1125,1.7246724337339405,2.4184602580964576,1.7115261970386035,477,4240,1262
0.5500000000000002,2.500000000000001,0.11155660377358491,1.739244498312474,2.280399001315237,1.7289904336901105,473,4240,1262
0.1,2.8000000000000007,0.11108490566037736,1.7466462284326558,2.495937078744174,1.7324482928016913,471,4240,1262
0.6000000000000002,2.500000000000001,0.11084905660377359,1.7587510496377952,2.286029796153308,1.7487599097493385,470,4240,1262
0.4500000000000001,2.600000000000001,0.11061320754716981,1.761218293011189,2.3578758219629536,1.749912529453199,469,4240,1262
0.15000000000000002,2.8000000000000007,0.10966981132075472,1.766152779757977,2.5015678735822444,1.7522177688609193,465,4240,1262
0.5000000000000001,2.600000000000001,0.10943396226415095,1.7807248443365105,2.3635066168010246,1.7696820055124267,464,4240,1262
0.20000000000000004,2.8000000000000007,0.10849056603773585,1.785659331083298,2.5071986684203154,1.771987244920147,460,4240,1262
0.25000000000000006,2.8000000000000007,0.10754716981132076,1.8051658824086194,2.5128294632583863,1.7917567209793754,456,4240,1262
0.6000000000000002,2.600000000000001,0.10731132075471699,1.8197379469871526,2.374768206477166,1.809220957630883,455,4240,1262
0.4500000000000001,2.700000000000001,0.10613207547169812,1.8222051903605467,2.446614232286812,1.810373577334743,450,4240,1262
0.30000000000000004,2.8000000000000007,0.10589622641509434,1.8246724337339406,2.5184602580964572,1.8115261970386036,449,4240,1262
0.5000000000000001,2.700000000000001,0.10495283018867925,1.8417117416858682,2.452245027124883,1.8301430533939713,445,4240,1262
0.3500000000000001,2.8000000000000007,0.10471698113207548,1.8441789850592618,2.524091052934528,1.8312956730978314,444,4240,1262
0.5500000000000002,2.700000000000001,0.10400943396226416,1.8612182930111891,2.4578758219629537,1.8499125294531988,441,4240,1262
0.40000000000000013,2.8000000000000007,0.10353773584905661,1.8636855363845828,2.5297218477725987,1.851065149157059,439,4240,1262
0.25000000000000006,2.900000000000001,0.10259433962264151,1.8661527797579769,2.6015678735822445,1.8522177688609192,435,4240,1262
0.1,3.000000000000001,0.10212264150943397,1.868620023131371,2.6734138993918903,1.8533703885647796,433,4240,1262
0.4500000000000001,2.8000000000000007,0.10141509433962265,1.8831920877099042,2.5353526426106696,1.870834625216287,430,4240,1262
0.15000000000000002,3.000000000000001,0.10070754716981133,1.8881265744566924,2.6790446942299613,1.8731398646240076,427,4240,1262
0.5000000000000001,2.8000000000000007,0.10047169811320755,1.9026986390352254,2.540983437448741,1.890604101275515,426,4240,1262
0.3500000000000001,2.900000000000001,0.09976415094339623,1.9051658824086195,2.6128294632583864,1.8917567209793755,423,4240,1262
0.20000000000000004,3.000000000000001,0.09882075471698114,1.9076331257820134,2.684675489068032,1.8929093406832354,419,4240,1262
0.25000000000000006,3.000000000000001,0.09716981132075472,1.9271396771073346,2.690306283906103,1.9126788167424633,412,4240,1262
0.4500000000000001,2.900000000000001,0.09693396226415095,1.944178985059262,2.6240910529345283,1.9312956730978312,411,4240,1262
0.30000000000000004,3.000000000000001,0.0964622641509434,1.946646228432656,2.695937078744174,1.9324482928016913,409,4240,1262
0.5000000000000001,2.900000000000001,0.09599056603773586,1.963685536384583,2.6297218477725988,1.951065149157059,407,4240,1262
0.3500000000000001,3.000000000000001,0.09504716981132076,1.966152779757977,2.7015678735822446,1.9522177688609195,403,4240,1262
0.5500000000000002,2.900000000000001,0.0938679245283019,1.983192087709904,2.6353526426106697,1.9708346252162874,398,4240,1262
0.40000000000000013,3.000000000000001,0.09339622641509433,1.9856593310832982,2.707198668420315,1.971987244920147,396,4240,1262
0.7500000000000002,2.8000000000000007,0.09316037735849056,2.0002313956618316,2.5691374116390953,1.9894514815716549,395,4240,1262
0.6000000000000002,2.900000000000001,0.09174528301886792,2.0026986390352253,2.640983437448741,1.9906041012755153,389,4240,1262
0.4500000000000001,3.000000000000001,0.09150943396226414,2.00516588240862,2.7128294632583865,1.991756720979375,388,4240,1262
0.6500000000000001,2.900000000000001,0.09080188679245282,2.0222051903605465,2.646614232286812,2.010373577334743,385,4240,1262
0.5000000000000001,3.000000000000001,0.0900943396226415,2.0246724337339406,2.7184602580964574,2.011526197038603,382,4240,1262
0.7000000000000002,2.900000000000001,0.08962264150943396,2.0417117416858677,2.6522450271248825,2.030143053393971,380,4240,1262
0.5500000000000002,3.000000000000001,0.08891509433962264,2.044178985059262,2.7240910529345284,2.031295673097831,377,4240,1262
0.7500000000000002,2.900000000000001,0.08820754716981132,2.061218293011189,2.657875821962953,2.0499125294531986,374,4240,1262
0.6000000000000002,3.000000000000001,0.0875,2.0636855363845834,2.729721847772599,2.0510651491570595,371,4240,1262
0.8000000000000003,2.900000000000001,0.08632075471698113,2.0807248443365105,2.663506616801024,2.069682005512427,366,4240,1262
0.6500000000000001,3.000000000000001,0.0856132075471698,2.083192087709904,2.7353526426106693,2.070834625216287,363,4240,1262
0.7000000000000002,3.000000000000001,0.08419811320754716,2.102698639035226,2.740983437448741,2.090604101275515,357,4240,1262
0.7500000000000002,3.000000000000001,0.0830188679245283,2.122205190360547,2.7466142322868117,2.1103735773347427,352,4240,1262
0.8000000000000003,3.000000000000001,0.08183962264150943,2.141711741685868,2.7522450271248826,2.130143053393971,347,4240,1262
